0, 5.222700820957392,5.366391482786217,5.5269685373800685,5.539222958929466,6.361025764260871,6.753834333506887,6.959943311108123,7.0150834449972646,7.0190320859940964,7.043998423476774,7.517069303609997,7.870544454206241,8.03269758642755,8.448670970623581,8.7364365027465,9.351968301795637,10.094093604125833,10.340189534340995,10.759576066058873,11.141550385541713,11.335551882437091,11.85457283669969,12.422901667020854,12.649967304504987,12.776102985593354,13.044676513114526,13.22984777948389,13.78460706152594,13.821317891234827,13.860921393988992,14.429996300850648,14.778557308033985,15.30263037566991,15.690752421817228,15.955089030578137,16.477558920320106,16.65337631723469,16.74337010446068,16.835082364042105,17.26974989744129,17.499977388799383,17.79365796633381,18.14077994549921,18.16167637076647,18.441270109116886,18.497479858578586,18.849096597062612,18.854059293714133,19.016451153813684,19.07527572381144,19.088474153947296,19.238179021906348,19.4276463677258,19.584413785588623,19.671828251659473,19.741329906336293,19.83280240373409,19.91345324277462,20.025153514379394,20.066453967940266,20.33773607282856,20.365320418475864,20.42615963533664,20.455266260734835
0, 8.796837221855228,9.298533457822032,9.45113590051543,9.765284167894439,10.030410229447416,10.326693658853296,10.482605462147472,10.837498323536533,11.401644524384208,11.7415550624161,11.888549481436653,12.139393476589834,12.681346604604753,12.966937147437937,13.430951858175016,13.483772967807653,13.907209279436104,14.597066915644064,14.959943311108123,15.431015962942215,15.716706695003786,15.803109446949025,16.026423019804678,16.206894855891935,16.650573450551903,16.90439486401541,17.103832414051876,17.410920398804798,17.48999639595805,17.9001375223235,17.950425384196635,18.011202117332004,18.597937874850786,18.675689652408206,18.99013420860146,18.993326887158567,19.132947233888704,19.210594676259042,19.401395632270976,19.858795989475365,20.02174450164969,20.123396544360794,20.432783687488364,20.48799612058333
0, 5.168838947611154,5.306199812243637,5.737414774500582,6.17445622971464,6.487667810927913,6.604825636588144,6.869069878826577,7.612116918269798,8.151952554846128,8.347176504991054,8.630278045057175,9.114576450263591,9.716875393721768,10.269022148776031,10.898306372765258,11.23891263862124,11.329013036674603,11.67903814600258,11.936204703967466,12.454743354360062,12.685550997287468,12.926241365430197,13.212459015532207,13.438342791985598,14.01760421373417,14.081696651790075,14.276040956879445,14.778557308033985,15.190301612293393,15.449879866621245,16.05373489187374,16.239592442319488,16.249051208541147,16.71498827387016,16.803365127151398,17.173126205154027,17.17345685633852,17.5200095279247,18.051196838350762,18.37106147127275,18.412735440849374,18.441270109116886,18.50571912135137,18.93170673608447,19.315317604349282,19.472358175545455,19.649740434364688,19.80547442415136,19.846813615470417,20.026945926179447,20.030354938909152,20.066453967940266,20.094803951143636,20.179548368872847,20.23562590826499,20.252991655099347,20.365320418475864,20.392393326127813
0, 6.85664066911077,6.899640772713809,6.94769420844808,7.304980308794756,7.633530958229915,7.825501995202099,7.982361779587398,8.640069803992404,9.298533457822032,9.45113590051543,9.451749332168793,10.030410229447416,10.326693658853296,10.424933952070207,11.104595457422263,11.584787644553277,11.888549481436653,11.940737540521788,12.634535386749075,12.944143531967311,13.09326440396148,13.747315555061048,13.837315431735465,14.44258137358454,15.137683929649942,15.215888024095051,15.33049976906377,15.546706421550004,15.927054638440879,16.213367863629742,16.595025003459185,16.784646905073025,17.140851872972323,17.436134522611813,17.782274341703655,17.97114388164973,18.437829012461158,18.522363331201113,19.05382725839622,19.210171658552074,19.472085022212106,19.584413785588623,19.70495823027291,19.792156362171166,19.8138458969937,20.14228894633398,20.264804224597416,20.309242879083722,20.434424975671917,20.46669930785362,20.468225962992452
0, 5.0644490122344825,5.072023000133611,5.080487076037309,5.089945842258969,5.100516193878446,5.112328763376517,5.1255295350414505,5.140281649099121,5.156767417862823,8.815712341257068,8.911574095962845,9.018701434809604,9.420653980133778,9.702950933038053,9.78556107205991,9.877879477688252,10.113981852954586,10.94348222959833,11.40474054023348,11.745014919164788,11.892415937328428,12.231711882218177,12.49398058431661,12.709398463765883,13.376009557129212,13.945769586578464,13.999244037560276,14.539395405566797,14.89549429887364,15.768884336132626,16.15195255484613,16.28950499491379,16.720223887316145,17.215092644142036,17.637340594960943,17.71441631673947,18.209624064923393,18.353954007148268,18.971973081814085,19.146046011895635,19.62934124782577,19.88066747259756,19.934354794316267,20.454388015921662
0, 7.32425346419617,7.655069076905821,7.791899743449983,7.79471415887068,8.29616089445266,8.681346604604753,9.243988254256996,10.031095352035013,10.32745929640936,10.425789566638855,10.978793448802568,11.386529990957476,11.609321262942062,12.026423019804676,12.206894855891932,12.430510523591309,13.18186603468385,13.555795967941265,13.595110209848421,14.132947233888702,14.268266186336307,14.756116209310186,15.080012419572677,15.15143901186057,15.646491340242637,15.784490007749561,15.883066030444525,16.397071844282795,16.44808745482119,16.599679442631853,16.847519839680054,16.966006820650872,17.256897670018514,17.759855873224378,17.875127202444677,18.50571912135137,18.627174368789465,19.040628828260363,19.282617676392654,19.503503691844347,19.79988916288904,19.8011244793981,19.899623979337942,19.92617466037022,20.107177930285978,20.17373235120094,20.373691891318206,20.398357794027948,20.449524528182845
0, 7.439596484350702,7.783967101374786,7.935945743717208,8.012760540655401,8.715022462786386,9.034089374226282,9.04027157432668,9.070140137306364,9.603954677381424,9.792449937371444,10.33715566860264,11.077540204074376,11.496881372950108,11.55745045776172,11.617585497488443,11.925201707505492,12.036106599157256,12.295057493559675,12.855304111885507,13.13318528201184,13.658438246088439,14.030702991741103,14.244628214408152,14.85879598947537,15.02174450164969,15.238912638621246,15.329013036674604,15.46081807962562,15.867530197428229,16.15195255484613,16.28950499491379,16.851222001576236,17.128623445900523,17.140851872972323,17.208462739080762,17.52784678219324,17.875127202444677,18.621062141505902,18.75607239325843,18.895483691422424,19.05382725839622,19.205634557675484,19.409343215388443,19.45234781779728,19.49966936785941,19.505070633746485,19.79988916288904,19.814357334989065,20.089602526613877,20.115099356638364,20.392393326127813
0, 5.089945842258969,5.245990060298496,8.835741459098205,8.933957017080393,9.14672917982695,9.689544392854858,9.945769586578464,9.999244037560278,10.94348222959833,11.40474054023348,11.687343409087523,11.770295415016681,12.367811768879106,12.646074802913802,12.92732711201912,13.271343868126415,13.423879938774936,14.17445622971464,14.429996300850648,14.468856796293274,15.167047215566203,15.248702056027394,15.955089030578137,16.477558920320106,16.65337631723469,17.056904940186328,17.217491201989006,17.886141370705555,17.99245592795184,18.621062141505902,18.75607239325843,19.07527572381144,19.088474153947296,19.52428795307073,19.590253882242845,19.827078752584658,19.986299884616525,20.150707736674754,20.26806634497899
0, 5.168838947611154,5.306199812243637,5.398941309830343,6.204258346398047,6.6961628234296215,6.89549429887364,7.346636385313719,7.680082418068826,7.819852629172587,7.939317254428902,8.457757611138074,8.74659099679225,8.909165985231745,9.424062992863483,9.591417549614551,10.216246383817632,10.827078752584661,11.043971394693788,11.330499769063765,11.546706421550004,12.020426895077007,12.375384650989337,12.539194622922789,12.84751983968005,13.479411851255488,13.830637581707173,14.132947233888702,14.268266186336307,14.863450428648038,15.08461743625672,15.264409468645733,15.299834720342172,15.431363401395473,15.937513626906043,16.225055982679308,16.359248034739387,16.405818626403967,16.60488086716161,17.028523109595806,17.173126205154027,17.32079150245728,17.59570480715742,17.705124587461817,17.90986133824385,18.230779822173627,18.246420788495683,18.60481502913693,18.83923246743805,18.942210382643967,18.985568609430707,19.072528693205822,19.15250014847481,19.292292989823093,19.305525845414053,19.39547168767302,19.46749468780663,19.481366215522055,19.48525871711324,19.495504392689988,19.616688117770327,19.643121745026217,19.7344848520939,19.86838609651657,19.909686550077442,20.12833221222932,20.20673561703939,20.309242879083722,20.392393326127813,20.39996731402694,20.468832109039365
0, 7.7044353238981405,8.079929554712516,8.32436093903101,8.37664797048997,8.771292446863722,9.143316640576693,9.918592904066257,10.552116823162397,10.676848636721758,11.107691473271535,11.5305759912247,11.827966925093946,11.939317254428902,12.342414590983545,12.560021462246016,12.687949555134438,13.179025462498073,13.801251271375683,14.363313800996108,14.525705217879436,15.061403587824426,15.305833866354021,15.307684203103726,15.521209591525517,15.714291187600569,16.208462739080765,16.52784678219324,16.538033297080162,16.720223887316145,17.157421134064773,17.183524110136172,17.499977388799383,17.782274341703655,18.101169910080394,18.117411400872403,18.236625281641107,18.734509539347805,18.913545609297095,18.95953560617614,19.574468340109025,19.70400293171225,19.849894318544706,19.95412520456375,20.206737958568464,20.248162356276755,20.432052412302543
0, 5.24700251103501,6.034463841462527,6.38889515765473,6.552116823162397,6.676848636721756,6.756116209310185,7.195355439727205,7.453351566561331,7.566476579140881,7.849371412169932,8.241898397105098,8.505364208946766,9.250031821824305,9.804987065138315,10.01710746412448,10.175524763000997,10.781571564811998,10.933268685928423,11.247973122370656,11.687343409087523,12.020426895077007,12.433056161066602,12.60364363515727,12.966937147437937,13.25793732794322,13.438342791985598,14.132947233888702,14.268266186336307,14.615120567596598,15.272828258986504,15.309242879083726,15.871755691732984,15.984084455109501,16.017412638298996,16.31434465148456,16.703604649240003,16.7906437095558,16.83331594671965,16.935598557920553,17.026756692273352,17.499977388799383,17.63996977705149,17.67936879718707,18.0519026365266,18.412735440849374,18.50571912135137,18.989378246161735,19.39547168767302,19.43348646438002,19.516796830031762,19.581882409400503,19.589615210118378,19.605586827624933,19.615012388013945,19.63396865821545,19.735440150654558,19.771860956676438,19.900660428698274,19.95833193877554,20.026945926179447,20.06252961896193,20.115099356638364,20.165435163478517,20.180968654965735,20.242073865026608,20.392393326127813,20.480663438630398
0, 9.250031821824305,9.74731555506105,9.837315431735465,10.047490928535224,10.753834333506886,10.959943311108123,11.617585497488443,11.982873217582757,12.158227121469002,12.787045462919997,13.114576450263591,13.438342791985598,14.190618743965967,14.44805821872532,14.746924669260924,15.069740698296519,15.497332099195166,15.966006820650875,16.256897670018517,16.338897398671193,16.720223887316145,17.157421134064773,17.467703056617676,17.637166910368705,18.006931868456693,18.21661258236385,18.246420788495683,18.756355173727307,19.315317604349282,19.392204092221714,19.675509737967413,19.73756555516819,19.828595669522297,20.05170419541167
0, 8.64527942296079,8.721112059825428,8.796837221855228,9.298533457822032,9.45113590051543,9.695990376792292,10.476368784415403,10.882732357975852,11.103989311375347,11.176057597071885,11.198923770512037,11.87486824219442,12.385734611004464,12.666103920754939,13.028557298512032,13.149432394380813,13.169169598795646,13.258659660731222,14.047490928535224,14.753834333506887,14.959943311108123,15.51706930361,15.812872944128976,15.910577064115804,16.039833448307352,16.454743354360062,16.68555099728747,16.878411591271856,17.50721343990757,17.568996739606195,17.97114388164973,18.55317203261569,18.81597130150733,19.146901626464285,19.210171658552074,19.58742804236664,19.81034451774152,20.082942078233042,20.398357794027948
0, 5.530047765960573,6.319601366552579,6.882732357975852,7.161660821452614,7.240506609306367,7.270946770645647,7.804951517776587,8.192258318089035,8.392218963995196,8.715022462786386,9.034089374226282,9.09326440396148,9.804987065138315,10.01710746412448,10.539395405566797,10.837822788796377,10.842792351127645,11.584927328574183,11.831034070916349,11.955089030578135,12.535230430397371,12.717825329469173,13.114576450263591,13.386615197346714,13.78460706152594,13.821317891234827,14.053404240689252,14.529756532289372,14.592501316473312,14.781826636742784,15.093245275163635,15.341417559136502,15.463290295123919,15.522087836338692,15.835688510089021,15.984084455109501,16.26613424915803,16.592295794427724,16.646597709288574,16.870335405640095,17.230797715231294,17.523681807023813,17.6954068609899,17.782274341703655,17.907026387635035,18.230779822173627,18.50571912135137,18.569502858712198,18.913545609297095,19.044521329851552,19.17162460099138,19.4276463677258,19.50435935439381,19.589615210118378,19.605586827624933,19.70495823027291,19.7344848520939,19.746382627981202,19.932835108751053,19.94678950132663,20.022780951010024,20.025153514379394,20.026945926179447,20.044766774646806,20.264804224597416
0, 5.149432394380813,5.226841108872912,5.80954913778851,6.25506775620045,6.577752728936197,6.705497250268449,6.887231005613952,7.517069303609997,7.870544454206241,8.03269758642755,8.715022462786386,9.034089374226282,9.29498191430597,10.030410229447416,10.269022148776031,10.395349405299573,10.734520146799023,11.419092030289827,11.645709962813086,11.939317254428902,12.342414590983545,12.560021462246016,12.660759965438823,12.915778488645559,13.393392699503933,13.79218104942507,14.527100026962348,15.05912060623223,15.070420501994759,15.25001269302646,15.341417559136502,15.98171189174013,16.101433856204913,16.278760958702076,16.585293763659283,17.035573765086365,17.16162552674749,17.35969573970026,17.440182815737572,17.878033843987726,18.353084594731946,18.398930864666607,18.412735440849374,18.540366016902446,18.57774212148498,18.64998993474951,19.032222929962916,19.05929583761486,19.09029153752095,19.22277368084221,19.387340604482894,19.452187899189624,19.497230358193764,19.517592209984766,19.589615210118378,19.620097130500028,19.707411944441954,20.026945926179447,20.150707736674754,20.264804224597416,20.365320418475864,20.376753465594653,20.464416326261425,20.46669930785362
0, 8.74659099679225,8.772509003279819,9.271346209655492,9.478425142339972,9.652168288272321,10.103039375627944,10.815910782371997,11.262177015331057,11.352835372682884,11.3964763056871,11.959346372270037,12.364797512101092,12.585034803409021,13.164890306614325,13.652168288272321,13.81061767107487,14.606643020161801,14.912973280433695,14.964769588646535,15.589092303743612,15.835688510089021,16.18564717312072,16.56002146224602,16.90155780841639,17.127203159807635,17.417973395824436,17.81965044628619,17.860479541937664,18.044307973039228,18.111538612020567,18.284678717375378,18.437829012461158,19.197396246123187,19.282617676392654,19.624804146949174,19.760254155696625,19.971124752851882,20.14727403669114,20.432783687488364,20.48799612058333
0, 5.542874154574453,5.781862798483198,5.816075076367587,6.520903627594931,7.107691473271534,7.588247501301966,7.89241593732843,7.939317254428902,8.342414590983545,8.560021462246018,8.844716972997263,9.294368482652606,9.331138441188227,9.49601430206286,10.255067756200452,10.520081218858934,10.525705217879436,11.319996122504268,11.767830485124833,12.18564717312072,12.560021462246016,12.851594127283406,13.129039303474253,13.237310404228705,13.908289707135667,13.95953560617614,14.369179477695521,14.474588713364838,14.983846170447487,14.986299884616525,15.23140386127821,15.611155433784488,15.86874143495497,16.397071844282795,16.44808745482119,16.517035114693773,16.58214869705409,16.80493411612913,16.84620981095258,17.230797715231294,17.36691438916099,17.505758964898455,17.896439248746788,17.974223110230238,18.441270109116886,18.693085141639514,18.778887959218476,18.861723306606656,19.032222929962916,19.088474153947296,19.39547168767302,19.423694705444788,19.459920699907503,19.577717434231076,19.589615210118378,19.7344848520939,19.897251415968572,19.900660428698274,19.918107681947294,20.030354938909152,20.057427846561097,20.1524754612209,20.171176896030506,20.365320418475864,20.376753465594653,20.392393326127813
0, 5.057671510077265,5.122120522311748,5.1364720123680945,5.152510076170921,5.170432918296278,5.190462036137415,5.212844957254964,5.237858298417969,5.265811184140572,5.297049066961945,5.302790799513933,5.338374492296415,5.378139947517091,5.422578602003396,5.4283203345553845,5.478656141395537,5.534907365379914,5.568601983654506,5.635423559258361,5.67137937774801,9.581628132208397,9.82517110747873,9.92214444758232,9.972842494230411,10.094575299724246,10.92179503630487,11.380504688180547,11.5427403135293,11.666370208408532,11.912244346776955,12.602693699409867,12.90855983918483,13.195669672347815,13.686564816403278,13.769425322845253,14.143250430819297,14.8031758932453,14.957411934920001,15.407386256936196,15.923162136849696,16.209017918876484,16.347176504991058,16.450230940737377,16.91337037791446,17.198075441549836,17.44592628154704,17.850888329107562,18.19835180344755,18.34135704000117,18.971973081814085,19.0307029917411,19.1920105317647,19.624804146949174,19.760254155696625,19.92617466037022,19.99314493885892,20.287225034605775,20.39977808012084
0, 5.80954913778851,6.25506775620045,6.577752728936197,6.705497250268449,7.108447435711257,7.589092303743609,7.951031530243551,8.12264342868652,8.715022462786386,9.034089374226282,9.491452229412667,10.01710746412448,10.374322724619029,11.061403587824424,11.421176886508553,11.642598838651448,11.89548308315083,12.397071844282797,12.563430474975721,12.720554538500636,12.982600064249414,13.172176269406625,13.662486539214193,13.705399402569137,14.43138808864938,14.601779532422986,14.952963626064513,15.184650141273682,15.463290295123919,15.579759346415957,15.925201707505494,16.174063002385438,16.198870821502855,16.516619257120045,16.793550491498973,16.891159903434247,17.091205704507836,17.62967189901026,17.766744738535916,17.862761417740966,18.239268656814748,18.67979205143292,18.704955888743832,18.913545609297095,19.4276463677258,19.504075412436162,19.74285656147512,19.810714586439303,20.022780951010024,20.296731118325866,20.395802338857514,20.397927743371138,20.434982070962917
0, 5.058174445611609,5.473063719999983,5.703848306649071,5.961754483001137,6.017107464124479,6.021293965964255,6.319601366552579,6.882732357975852,7.161660821452614,7.240506609306367,7.328618280722912,7.476257583548568,9.362982470056513,9.523158900649042,9.982711265116249,10.856632403188632,11.250012693026456,11.514432089368299,11.954400019671064,12.126407779854622,12.295057493559675,12.855304111885507,13.13318528201184,13.801251271375683,14.363313800996108,14.525705217879436,14.608498856973949,14.915047213459745,15.432324885880787,15.893360020166288,16.138479309602953,16.454743354360062,16.62787948721021,16.761276159317266,16.97043574194481,17.37706148653462,17.616026207129753,17.983306729460548,18.428039595055008,18.540366016902446,18.657523399346452,19.17503595525016,19.19995811488217,19.510289459923705,19.552845251582763,19.797357786700925,19.827078752584658,19.92862837453926,20.01179671464101,20.252991655099347,20.33773607282856
0, 5.045923045346391,5.168838947611154,5.306199812243637,5.737414774500582,6.232127739791906,6.552116823162397,6.734520146799021,7.05316527627213,7.352122857590029,7.453351566561331,7.508805069063616,7.996988764506167,8.522206623372558,8.933957017080393,9.014418616107726,9.716875393721768,10.269022148776031,10.360484939835723,10.694396406107163,11.476763540367092,11.767830485124833,11.860241257275652,12.300990193275252,12.746590996792248,13.4544732223109,13.86043969839058,13.906062308964037,13.987696355473412,14.571669737748502,14.758546950285806,15.274248545079388,15.54369216477199,15.99907763857449,16.178511919512516,16.537353493381918,16.720197892838545,17.140851872972323,17.500583534846296,17.854297341837267,18.006931868456693,18.281061594598334,18.318443788629295,18.612309173460083,19.154343452274663,19.387340604482894,19.830843103752766,19.990506618828316,20.208379246752017,20.26806634497899
0, 5.023902859339362,5.08655945977379,5.733361162485471,6.1699262409904705,6.424933952070205,6.856632403188631,7.307684203103722,7.578881101602782,7.649086718162738,8.074944464355353,8.49398058431661,8.574842807345266,9.225641045272095,9.720058397162536,9.806855038024166,9.812278346819971,10.666170367051217,11.037167735771492,11.103559260718534,11.517069303609997,11.812872944128975,11.910577064115804,12.422901667020854,12.649967304504987,13.10721879653706,13.472376255883308,13.819412398163058,14.210594676259042,14.244628214408152,14.85879598947537,15.02174450164969,15.598434016188891,15.730785031726791,15.779437286104644,15.875388127285014,16.127975663043454,16.437900939934273,16.76570508061121,16.933832140598096,17.04792732129707,17.485225274741712,17.547767558164242,17.907026387635035,18.365437472252246,18.412735440849374,18.50571912135137,18.569502858712198,18.662486539214193,18.735640933298573,19.234497535598404,19.517592209984766,19.52509975158762,19.52674227551136,19.679461400248428,19.705991658349063,19.819011774161734,20.1524754612209,20.192781224463804,20.20673561703939,20.309242879083722,20.309931889990796,20.468225962992452,20.49024614899948
0, 8.835741459098205,8.933957017080393,9.04371477597261,9.402592505475331,9.625095380620376,9.816075076367587,10.628878860586324,11.05316527627213,11.352122857590027,11.453351566561329,11.508805069063618,11.714291187600567,12.381477269312562,12.836536839051218,12.844716972997261,13.294368482652605,13.331138441188228,13.820742422723669,14.675629133272876,15.047738087390972,15.230714850371138,15.278880354007537,15.779554339881027,16.10620497742125,16.238381204792745,16.715022462786386,17.034089374226284,17.103037034098865,17.467703056617676,18.066033055223496,18.13581680563147,18.66891215025099,18.982560220702332,19.042534321332134,19.332292180863824,19.723900054734735,19.921121938725307,20.206737958568464,20.26367819345991
0, 5.110372057580874,5.298533457822031,5.508807410592694,5.568601983654506,5.577752049181096,5.924780794788726,9.555901241647149,10.146801974335357,10.223901564313314,10.387491475442792,11.249134448213287,11.571122144119823,11.698087445299238,11.985570950959785,12.394103978856606,12.617785338845758,13.070140137306364,13.546283167304155,13.554986394905166,14.25506775620045,14.520081218858932,15.093245275163635,15.456760579291034,15.779554339881027,16.048533467343987,16.05858917240373,16.580272889401513,16.768161136309324,16.9228314856652,17.4415104987691,17.81965044628619,18.11450475932936,18.59803752697971,18.97617981602588,19.210594676259042,19.42685098777279,19.539037725599318,19.657078479130877,19.738649827263327,19.764354520862483,20.206737958568464,20.432783687488364
0, 5.303496597689774,5.689544392854858,5.945769586578463,5.999244037560278,6.391624366686191,6.963219434013161,7.251606663711582,7.3410228031848135,7.3832755340221645,7.669788428347064,8.331744587235141,8.605769039670896,9.024608657515202,9.495400870409497,9.555795967941263,10.002968781720172,10.646408475382476,11.015083444997266,11.360301885747173,11.812872944128975,12.241898397105096,12.447692698869497,12.812701105763235,13.4337807193354,13.7796439216582,14.369179477695521,14.474588713364838,14.87151740707097,15.091122212179089,15.454388015921667,15.512139369574907,15.802369905841072,16.07403029736847,16.24030442641997,16.563430474975725,16.703604649240003,16.905986729710328,17.35969573970026,17.625506923840835,17.85440870499158,18.076231281135804,18.089542007478546,18.365437472252246,18.47040695092664,18.734509539347805,18.756355173727307,19.315317604349282,19.326334793894343,19.615012388013945,19.691640168292718,19.769407242507395,19.80650785222751,19.879328573843214,19.99394031881193,20.115099356638364,20.180968654965735
0, 8.796837221855228,9.298533457822032,9.45113590051543,10.006337271147688,10.650172826550579,11.019290179209062,11.198923770512037,11.70443532389814,12.079929554712516,12.266689428953743,12.796837221855228,13.240861947744767,13.271343868126415,13.860921393988992,14.429996300850648,14.54037662435366,14.629947393872683,15.404740540233481,15.687343409087525,15.770295415016681,16.02042689507701,16.433056161066602,16.66131514523454,17.103037034098865,17.467703056617676,17.669182282300152,17.692328499444688,18.450266488099103,18.622876503795375,19.054583220835944,19.123021397369442,19.432808374742272,19.836228818111252,19.861725648135735,20.17373235120094,20.48903491147274
0, 5.216253969984668,5.604752398863515,6.02620349523562,6.1468019743353555,6.223901564313313,6.943482229598327,7.40474054023348,7.74501491916479,7.89241593732843,7.939317254428902,8.342414590983545,8.617692972323283,9.250031821824305,9.74731555506105,9.837315431735465,10.233196273078262,10.903692087123744,11.069740698296519,11.381989079040633,11.837108796181907,11.997508649596758,12.55825504492356,12.976417864149017,13.011202117332006,13.540266364773519,13.548262503344324,14.027907410664765,14.501263338544538,14.66115824791107,14.971124752851887,15.147274036691142,15.381989079040634,15.779437286104644,15.875388127285014,15.984084455109501,16.208462739080765,16.41250376203871,16.477558920320106,16.538033297080162,16.843886298339125,16.889739617341355,17.26974989744129,17.360401537876097,17.63996977705149,17.896439248746788,17.979049387768647,18.182677574437044,18.373777097707443,18.42205513132172,18.489120117861976,18.608624665867953,18.7387162735596,18.82988161926745,18.891941280863797,18.942210382643967,19.016451153813684,19.072528693205822,19.11696734769213,19.196754624198057,19.341748210320997,19.387340604482894,19.459920699907503,19.589615210118378,19.605586827624933,19.68871111790394,19.746382627981202,19.83280240373409,19.91345324277462,20.025153514379394,20.06252961896193,20.089602526613877,20.094406853662868,20.1524754612209
0, 5.665503137521285,6.151765114203098,6.462310056652742,6.576487862645169,7.007931241832811,7.476763540367092,7.767830485124834,7.86024125727565,7.912244346776955,8.602693699409867,8.90855983918483,9.351170580313546,9.860340046261657,9.96362245588699,10.569546674763954,10.871517407070968,10.918441859652336,11.517069303609997,11.75520143405171,12.180445748590962,12.321346682252996,12.752398567368921,13.251048462631687,13.679130749063935,14.111498768473483,14.128954097085018,14.197396246123185,14.340289186469919,14.571669737748502,14.758546950285806,15.116060841123678,15.309242879083726,15.678921092226199,15.763059363908496,15.984084455109501,16.238995503481398,16.761276159317266,16.97043574194481,17.029410856071298,17.4389373892946,17.523681807023813,17.647353425255623,17.96064398300958,18.020638759227634,18.13168391438807,18.50571912135137,18.569502858712198,18.634657669122525,18.69232917919979,18.79142508698535,18.83426977078653,18.874035226007205,18.958779643736417,19.144551693339434,19.315317604349282,19.323289874720658,19.39547168767302,19.407909163310972,19.635388944308342,19.746382627981202,19.932835108751053,19.95833193877554,20.025153514379394,20.089602526613877,20.291877132249365,20.31698186572625
0, 5.4067992396871265,5.804987065138313,6.017107464124479,6.078965476041521,6.5568558604527105,6.972678200234821,7.2045055052537945,7.230714850371136,8.069011764639779,8.602693699409867,8.90855983918483,9.089921468823167,9.801251271375683,10.36331380099611,10.525705217879436,10.896397858409307,11.236779837435497,11.295057493559678,11.79763260180824,12.126407779854622,12.535230430397371,12.775496839546438,13.253988686946387,13.578722897055622,13.801251271375683,14.247970780841577,14.339135683333204,14.489059598726644,14.666228544657468,15.459397793532734,15.690752421817228,15.830843103752766,15.99050661882832,16.12303818463821,16.522601379324247,16.703712124074844,16.72287805111409,16.98769401394433,17.281133522071446,17.523681807023813,17.83535872593982,18.13168391438807,18.13581680563147,18.240034294370812,18.68064766600157,18.7387162735596,18.82988161926745,19.146542761505327,19.166156021772736,19.57638235452742,19.646331421634986,19.677768640577295,19.746382627981202,19.871912163022653,19.932835108751053,19.99394031881193,20.057427846561097,20.087771377055635,20.094803951143636,20.187122356771976,20.345291300634727,20.365320418475864,20.45347384893478
0, 6.476368784415403,6.882732357975852,7.161660821452614,7.240506609306367,7.270946770645647,7.592106560521623,8.069743039825596,8.312977314400854,8.796837221855228,9.298533457822032,9.45113590051543,10.022552299590634,10.725964940113029,11.161660821452612,11.182835099229102,11.70443532389814,12.079929554712516,12.266689428953743,12.602693699409867,12.90855983918483,13.215451003864619,13.941532920474806,14.520081218858932,15.061403587824426,15.421176886508553,15.547667906035318,16.02225804463525,16.144568906642,16.53523043039737,16.717825329469175,17.175855414185488,17.433735964764843,17.66988808047599,18.101169910080394,18.117411400872403,18.428039595055008,18.59803752697971,19.197396246123187,19.282617676392654,19.516796830031762,19.581882409400503,19.92617466037022,20.40845546891295
0, 7.7862500829669825,8.286702128231,8.555433232830746,9.11509022978803,9.829377841690524,10.10203613210026,10.173874881987304,10.302299724485417,11.03858802186438,11.453351566561329,11.508805069063618,11.62948266510416,12.286702128231,12.555433232830744,12.966937147437937,13.315608838020484,13.705399402569137,14.489059598726644,14.666228544657468,15.25001269302646,15.456760579291034,15.685443522452633,15.943362834292868,16.237850712250935,16.793550491498973,16.891159903434247,16.94626961623604,17.410031546540413,17.557648898876646,17.65050175961767,18.545229504641263,18.671327975529223,18.713777644615014,18.859683735950856,19.010826711576957,19.016451153813684,19.061602028939358,19.77177980587677,20.065725034283528,20.252991655099347,20.309242879083722,20.498873987906396
0, 6.1902621947801,6.853536387339359,7.419567366509565,7.761584180257238,7.968603912631469,7.996988764506167,8.522206623372558,8.933957017080393,8.954116077713412,9.649486157172584,9.843332234266104,9.89276542285728,10.756116209310186,11.195355439727203,11.453351566561329,11.508805069063618,11.85457283669969,12.538244687175386,12.836536839051218,13.09326440396148,13.747315555061048,13.837315431735465,14.543097567462986,15.25001269302646,15.456760579291034,15.531420793666346,15.771239497854538,15.883066030444525,16.397071844282795,16.563430474975725,16.720223887316145,17.215092644142036,17.39527943248274,17.496885261269583,17.85016445059387,17.88258982718949,18.6294017669611,18.765392083730777,18.84227857160321,19.001807455877543,19.70495823027291,19.792156362171166,20.177872639116462,20.309242879083722
0, 7.380504688180547,7.542740313529304,7.666370208408532,7.916501688468857,8.489932291190854,8.89788983543643,9.003409012729703,9.49601430206286,10.255067756200452,10.577752728936199,10.70549725026845,11.40474054023348,11.687343409087523,11.827966925093946,12.365439205509734,12.933957017080392,13.014418616107726,13.716875393721768,14.26902214877603,14.302299724485417,15.038588021864385,15.395680056484066,15.812872944128976,15.836411709912317,16.402606261526124,16.80247738067591,16.958898667309164,17.481816262012007,17.48294339893841,17.55383926214562,17.56343047497572,17.830862232550608,18.281061594598334,18.376115298706562,18.622879525079558,19.28149904192727,19.318932644360952,19.689253159183654,19.832277155830237,20.051611828889193,20.179548368872847
0, 6.389963690941087,6.961363597201012,7.249532730685532,7.338705143480908,7.556039378877658,7.914094256428159,8.139036830927747,8.417178015871425,9.049447634330866,9.580830410726307,9.591417549614551,9.86216682043196,10.489059598726644,10.781571564811998,10.933268685928423,11.476763540367092,11.767830485124833,11.860241257275652,12.165362983348798,12.595025003459185,12.784646905073027,13.157779493787352,13.819412398163058,14.268266186336307,14.949199274896412,15.180443407061883,15.546706421550004,15.55232234520799,16.02745946916501,16.210229156403223,16.663972663331766,17.26974989744129,17.500583534846296,17.854297341837267,17.889081595020258,18.288451332250894,18.666693273425988,18.74939454323014,19.129404823330077,19.134339021687435,19.387340604482894,19.89529211598725,20.06252961896193,20.12412547801753,20.26806634497899
0, 5.072023000133611,5.3995631946860385,5.854572156944588,6.187862769897837,6.385130806486626,6.605581599027867,6.676748984592831,6.698608384956917,6.723036681695044,10.232127739791904,10.552116823162397,10.734520146799023,11.592106560521623,11.954400019671064,12.126407779854622,12.602693699409867,13.023902859339362,13.028887949696523,13.215339640710303,13.941408470026303,14.577613653186884,14.705341830466589,15.360301885747175,15.870544454206243,15.975026076350288,16.039833448307352,16.454743354360062,16.68555099728747,17.180115097406468,17.669182282300152,17.692328499444688,17.759287432680452,18.20107539090205,18.81520566395126,19.146046011895635,19.571669737748504,19.816218460363075,19.97416259109491,20.498873987906396
0, 6.075360321929082,6.552116823162397,6.676848636721756,6.968961166565149,7.433213738145174,7.719162750701905,7.8058541360255616,8.011340254562514,8.538244687175386,8.778865328973954,9.09326440396148,9.74731555506105,9.837315431735465,10.175524763000997,10.781571564811998,10.817925665773892,11.360301885747173,11.812872944128975,12.020426895077007,12.375384650989337,12.423851602768258,12.851594127283406,13.129039303474253,13.281575374122774,14.01760421373417,14.081696651790075,14.369179477695521,14.474588713364838,14.474838918497476,15.116060841123678,15.309242879083726,15.614472079991716,15.691036363774883,15.802369905841072,16.07403029736847,16.224498461354514,16.574706624771036,16.646597709288574,17.140851872972323,17.203634120013273,17.63996977705149,18.018659423187465,18.524992276752783,18.59843462446048,18.891941280863797,19.144551693339434,19.337004797642745,19.369177136166442,19.369974857648536,19.39547168767302,19.414413512134843,19.494567595458577,19.516796830031762,19.524210899323236,19.531943700041115,19.564676581173796,19.577717434231076,19.70495823027291,19.7344848520939,19.932835108751053,19.99394031881193,20.115099356638364,20.171176896030506,20.365320418475864,20.480663438630398
0, 5.057671510077265,5.0644490122344825,5.072023000133611,5.080487076037309,5.089945842258969,5.100516193878446,5.112328763376517,5.1255295350414505,5.140281649099121,5.156767417862823,5.170432918296278,5.190462036137415,5.212844957254964,5.237858298417969,5.265811184140572,5.297049066961945,5.302790799513933,5.338374492296415,5.378139947517091,5.422578602003396,5.431398016345494,5.478656141395537,5.534907365379914,9.420653980133778,9.645279422960789,9.721112059825428,9.748184967477375,9.836272025891413,10.633136202278227,10.882732357975852,11.161660821452612,11.240506609306367,11.270946770645649,11.70443532389814,12.079929554712516,12.324360939031008,12.796837221855228,13.240861947744767,13.386686888280947,13.488512005097967,13.72111205982543,13.89276542285728,14.756116209310186,15.137683929649942,15.331231044249582,15.372333056695522,15.592106560521625,15.954400019671066,16.126407779854624,16.53523043039737,16.833168349623705,17.180115097406468,17.669182282300152,17.692328499444688,17.871789880649207,18.091760884303547,18.48571110513227,18.777829559368726,18.972738719370152,19.146901626464285,19.27249760780201,19.71474998920814,19.976113369729607,20.16049949560998,20.299056364196804
0, 5.069743039825596,5.37064882447812,5.4961879866551,5.904880694405964,6.186412009754172,6.268166534207381,6.301857264162499,6.851163823969987,7.592106560521623,7.9544000196710645,8.126407779854624,8.558255044923563,9.034089374226282,9.229919470418123,9.716875393721768,10.269022148776031,10.585811441436988,10.88969359397672,11.250012693026456,11.456760579291034,11.497332099195164,12.023678330728139,12.321346682252996,12.477558920320106,12.653376317234692,12.787045462919997,13.114576450263591,13.59475487141002,13.95953560617614,14.210594676259042,14.524287953070727,14.64792539232011,15.015563407338194,15.02174450164969,15.173732351200943,15.431363401395473,15.528052304238834,15.652132126531903,15.718514340376249,15.864977083786869,16.236332132474622,16.268457761771483,16.278760958702076,16.511253538594698,16.866221274489654,16.947411127418622,17.173126205154027,17.241384854119538,17.485225274741712,17.582904413021144,17.888620982875967,18.018659423187465,18.200430791616643,18.203706914521682,18.48269450682518,18.733753576908082,18.80201222587359,18.902528419752038,18.972012499327374,19.019024499827065,19.200802917323813,19.247058955383775,19.337004797642745,19.35899062127952,19.391264953461228,19.462293263276877,19.481366215522055,19.589615210118378,19.605586827624933,19.707411944441954,19.897251415968572,19.954922926045835
0, 8.506342480700846,8.916228535135515,9.015482884007112,9.600545664651719,9.846311810717681,9.945769586578464,9.999244037560278,10.431326325411261,10.8323965511357,11.047738087390968,11.288386360448403,11.382124815630753,11.826555846209889,12.331744587235141,12.605769039670896,12.909165985231745,13.366391482786218,13.52696853738007,13.847894306916295,14.122728635075756,14.196999148642417,14.756116209310186,15.137683929649942,15.331231044249582,15.547667906035318,16.079929554712518,16.266689428953747,16.445926281547045,16.908559839184832,17.215092644142036,17.669182282300152,17.75000000952195,17.954400019671066,18.068736269777354,18.236625281641107,18.849852559502338,18.894230979373006,19.412779256901132,19.8138458969937,19.92617466037022,19.980916511787115,20.273559534172318,20.424585899238256,20.460808872416788
0, 5.001484390860086,5.294368482652605,5.446481461342759,5.938447162257475,6.456785266544941,6.8031758932452995,6.95741193492,7.307684203103722,7.578881101602782,7.706758228240003,7.912244346776955,8.602693699409867,8.90855983918483,9.013733493520128,9.658438246088439,10.088374501818368,10.1536791286215,10.442581373584538,11.137683929649938,11.331231044249582,11.546706421550004,11.692603994307108,12.184226887027831,12.32557217655775,12.662883028423371,12.860479541937668,13.129039303474253,13.294296791718374,13.971973081814083,14.030702991741103,14.369179477695521,14.474588713364838,15.173732351200943,15.431363401395473,15.520961805201186,15.644208358650438,15.70327399805551,16.138479309602953,16.278760958702076,16.320791502457283,16.538033297080162,16.606980956952743,16.624993380855273,16.930670286724137,17.035573765086365,17.16162552674749,17.17345685633852,17.35969573970026,17.63996977705149,17.826539311597724,17.84935487755777,18.171293949806888,18.31157559890601,18.383598599039622,18.452345476268192,18.493222516886686,18.719402086851737,18.874035226007205,18.93170673608447,18.972012499327374,19.05929583761486,19.09029153752095,19.22277368084221,19.39547168767302,19.43284779225556,19.605586827624933,19.646331421634986,19.65406422235286,19.677609827758545,19.987255183177187
0, 5.057671510077265,5.0644490122344825,5.072023000133611,5.080487076037309,5.089945842258969,5.100516193878446,5.112328763376517,5.1255295350414505,5.140281649099121,5.156767417862823,5.19414352244536,5.216959088405404,5.24245591842989,5.2709491121747245,5.302790799513933,5.338374492296415,5.378139947517091,5.422578602003396,5.4283203345553845,9.298533457822032,9.45113590051543,9.652781719925684,10.255067756200452,10.577752728936199,10.70549725026845,11.214278504096065,11.532169961909824,11.65455763891046,11.742784381345404,12.41331895665177,12.8721205318337,13.10721879653706,13.472376255883308,13.77831125496714,14.395349405299573,14.676848636721756,15.404740540233481,15.687343409087525,15.936204703967467,16.011340254562516,16.422901667020852,16.64996730450499,16.720223887316145,17.215092644142036,17.37706148653462,17.508157522745424,17.92043292781823,18.066033055223496,18.193488315708734,18.438342791985598,19.07527572381144,19.14614566402456,19.373013801680457,19.769407242507395,19.864179362304778,19.987255183177187,20.24575535133455
0, 5.057671510077265,5.122120522311748,5.19414352244536,5.216959088405404,5.24245591842989,5.2709491121747245,5.302790799513933,5.338374492296415,5.378139947517091,5.422578602003396,5.455300875684855,5.508807410592694,5.568601983654506,5.635423559258361,5.678441927651778,9.54618351517523,9.78556107205991,9.877879477688252,9.89013389923765,10.693327872820806,11.240531296560274,11.561507958096303,11.745014919164788,11.892415937328428,12.20621505219369,12.465487390571775,12.844716972997261,13.352039992729871,13.510930473577242,13.539222958929468,14.361025764260871,14.69616282342962,14.837822788796375,15.547667906035318,16.079929554712518,16.266689428953747,16.57008637451459,16.8721205318337,16.9228314856652,17.556853518923635,17.566798964403237,17.695012105038206,17.894208349128483,17.916841966788876,18.60783162744402,18.971973081814085,19.0307029917411,19.26902214877603,19.884750262661925,20.16609191700554,20.330499769063763,20.48903491147274
0, 5.057671510077265,5.0644490122344825,5.072023000133611,5.080487076037309,5.089945842258969,5.100516193878446,5.112328763376517,5.1255295350414505,5.140281649099121,5.156767417862823,5.170432918296278,5.190462036137415,5.212844957254964,5.237858298417969,5.265811184140572,5.297049066961945,5.308325216757262,5.364907091926131,5.473063719999983,9.927107587450061,10.211250986569839,10.35359607452419,10.476368784415403,10.882732357975852,11.161660821452612,11.240506609306367,11.328618280722914,11.637946741007855,12.353832404529925,12.745795616839235,12.912574997961448,13.370201119517244,13.415882858917438,13.907209279436104,14.597066915644064,14.959943311108123,15.547667906035318,16.079929554712518,16.209017918876484,16.378463012534546,16.77549683954644,17.034089374226284,17.355647446574505,17.75000000952195,18.23669697257534,18.294296791718374,18.91430157173682,18.966253979506618,19.332292180863824,19.723900054734735,19.840634862688,20.116792116309494,20.363505376431288
0, 5.110372057580874,5.298533457822031,5.451135900515429,5.905565816993562,6.244849157387505,6.391142671087778,6.554628462281082,6.853536387339359,6.970112676927356,8.721112059825428,8.801043956067023,9.478425142339972,9.652168288272321,10.459514475576404,11.214278504096065,11.47449845183256,11.532437116598713,11.607015145868967,11.971060648084686,12.087354839726803,12.538244687175386,12.836536839051218,13.294368482652605,13.331138441188228,13.675721736334232,14.28070366197425,14.433386812251094,14.543097567462986,15.25001269302646,15.341417559136502,15.611155433784488,15.621366635925316,15.871755691732984,16.422901667020852,16.592295794427724,16.851222001576236,17.070951935823256,17.327421407518553,17.481816262012007,17.697529923974447,17.814118370571943,17.854297341837267,18.076231281135804,18.147213517555812,18.50571912135137,18.569502858712198,18.612309173460083,19.269686472429196,19.315317604349282,19.516796830031762,19.581882409400503,19.769407242507395,19.864179362304778,20.035573765086365,20.219297036824752,20.309242879083722,20.376753465594653,20.48903491147274
0, 5.003409012729703,5.316296302137161,5.703848306649071,5.961754483001137,6.017107464124479,6.021293965964255,6.666170367051215,7.094839245848759,7.3410228031848135,7.3832755340221645,7.592106560521623,7.9544000196710645,8.184079289931889,8.57562079175792,9.168838947611155,9.190856792089106,9.576593744622647,10.112254730913207,10.360484939835723,10.442581373584538,11.137683929649938,11.331231044249582,11.687343409087523,11.770295415016681,11.924490428152815,12.26817381981383,12.419384474708497,12.67471669954348,12.931375405144875,13.293499070236281,13.680548013872642,14.132947233888702,14.210594676259042,14.524287953070727,14.64792539232011,15.127892170714711,15.147274036691142,15.149066448491201,15.170936695873205,15.646491340242637,15.784490007749561,16.155845056437315,16.178511919512516,16.268173819813832,16.304041454553968,16.404290493743527,16.65337631723469,16.830154092845692,16.843886298339125,16.947411127418622,17.35969573970026,17.433735964764843,17.4389373892946,17.557248274875324,17.827245109773564,18.16167637076647,18.401351816219222,18.412735440849374,18.452345476268192,18.540366016902446,18.592627125367315,18.735173863000973,18.79142508698535,18.82988161926745,19.247058955383775,19.25764609427202,19.369974857648536,19.516796830031762,19.581882409400503,19.615012388013945,19.63396865821545,19.656436785722235,19.70495823027291,19.7344848520939,19.735440150654558,19.814357334989065,20.089602526613877,20.15212802276764,20.291877132249365,20.292499696860162,20.332267493609915
0, 5.023902859339362,5.08655945977379,5.608516750031617,6.088081739524681,6.4488141811650435,6.619077474515565,6.746949356514829,7.360301885747173,7.870544454206241,8.03269758642755,8.732388209620744,9.168838947611155,9.190856792089106,9.625095380620376,9.816075076367587,9.867368244961717,10.727734378719665,11.105966692759232,11.295786427216415,11.70443532389814,12.022258044635251,12.144568906641997,12.165362983348798,12.595025003459185,12.784646905073027,12.810169729575113,13.25793732794322,13.567423870543111,13.636283043978574,13.742727562184658,14.297912440001634,14.45261794984644,14.514604373718152,15.160499495609985,15.24138485411954,15.272828258986504,15.366914389160991,15.602757804177065,16.026150546226436,16.256897670018517,16.292409671866764,16.50631606018945,16.801041614537944,17.014874396431118,17.356327250272745,17.58046446483669,17.653376317234688,17.748339333776848,18.281061594598334,18.318443788629295,18.441270109116886,18.497479858578586,18.60481502913693,19.019024499827065,19.200802917323813,19.32292343963556,19.503503691844347,19.79988916288904,19.86345042864804,19.969274416102184,20.051611828889193,20.179548368872847,20.277657557809093,20.48983029142575
0, 8.64527942296079,8.721112059825428,9.028557298512032,9.149432394380813,9.169169598795644,9.539222958929468,10.361025764260871,10.753834333506886,10.959943311108123,11.142547417388757,11.62719968351196,11.935945743717207,12.231711882218177,12.49398058431661,12.752398567368921,13.366391482786218,13.411625517225538,14.256011839038308,14.929188917148235,15.098233892041351,15.407386256936196,15.86549062677243,16.144568906642,16.44291202476903,16.847519839680054,17.355647446574505,17.692328499444688,18.076231281135804,18.147213517555812,18.482594854696252,18.97617981602588,19.210594676259042,19.769407242507395,19.864179362304778,20.003732077747156,20.18371334404227,20.434424975671917,20.47631349387714,20.478969999204164,20.48903491147274
0, 5.002761466411513,5.703848306649071,5.961754483001137,6.017107464124479,6.021293965964255,6.179319717453458,6.725964940113029,7.161660821452614,7.240506609306367,7.270946770645647,7.435339142658799,7.9544000196710645,8.184079289931889,8.796837221855228,9.240861947744767,9.271343868126415,9.652426381487286,10.19699914864242,10.569546674763954,10.871517407070968,10.918441859652336,11.589092303743609,11.893360020166284,11.905083874922475,12.24648662652037,12.279805602501034,12.422901667020854,12.592295794427722,13.066523014529318,13.369226433395033,13.461282808394143,14.043240119507972,14.052673755259503,14.25506775620045,14.4047381987044,14.714108295799504,14.746382627981209,15.272828258986504,15.366914389160991,15.404804645000677,15.804934116129129,15.903881321029848,16.18881511644311,16.236332132474622,16.268457761771483,16.703604649240003,16.7906437095558,16.85959136942838,16.907290333759548,17.099749623987506,17.136686897802896,17.237905868573,17.35969573970026,17.591571915914024,17.705993999878142,17.888620982875967,17.946636423053853,18.20128640618529,18.540366016902446,18.671327975529223,18.713777644615014,18.80201222587359,19.17503595525016,19.234497535598404,19.25764609427202,19.39547168767302,19.481366215522055,19.646331421634986,19.74285656147512,19.864977083786865,19.91947830901267,19.954922926045835,20.026945926179447,20.115099356638364,20.365320418475864
0, 6.6288788605863225,7.168508296426662,7.596363902213525,7.783967101374786,7.935945743717208,7.976693359011438,8.732388209620744,9.168838947611155,9.190856792089106,9.537668831791425,10.126426908652467,10.201132039885819,10.675629133272876,11.105409597468233,11.352835372682884,11.3964763056871,11.547667906035317,12.079929554712516,12.266689428953743,12.445926281547044,12.90855983918483,13.451064209581197,13.971973081814083,14.030702991741103,14.273228882987825,14.367362094121864,15.038588021864385,15.395680056484066,15.659035184926521,15.966006820650875,16.256897670018517,16.563430474975725,16.604854872684015,16.847519839680054,17.05559601724775,17.37706148653462,17.6954068609899,18.03672089784591,18.288451332250894,18.693850779195582,18.837415083864393,19.074519761371715,19.12585025852983,19.295580399934455,19.50985940926689,19.52805230423883,19.59446061645464,19.92617466037022,20.080452461087287,20.23270746532743,20.299451120148493,20.309242879083722,20.332267493609915,20.40975907296217,20.432158781348488,20.434424975671917
0, 5.0883518715738445,5.216253969984668,5.737414774500582,6.232127739791906,6.552116823162397,6.676848636721756,7.223737270317724,7.542740313529304,7.666370208408532,7.782549836566078,8.457757611138074,8.74659099679225,9.335951321446936,9.843332234266104,10.19061874396597,10.448058218725322,10.615120567596597,11.330499769063765,11.546706421550004,11.869655601941853,12.149223345814667,12.603088455361558,12.793657966333813,13.380671281908333,13.953155201499689,14.4047381987044,14.601779532422986,14.923245001709853,15.15143901186057,15.20837924675202,15.237219878950112,15.408455468912956,15.46080887241679,15.522270728139755,15.936204703967467,16.04022820425904,16.339841481509044,16.378463012534546,16.602482309314645,16.82074008119459,17.26974989744129,17.505758964898455,17.648322489800876,17.926373101485147,18.272453791750255,18.383598599039622,18.67979205143292,18.693085141639514,18.778887959218476,18.861723306606656,18.972012499327374,19.144551693339434,19.22277368084221,19.47728644674186,19.481366215522055,19.70495823027291,19.7344848520939,19.769407242507395,19.80650785222751,19.807305573709602,19.864179362304778,20.026945926179447,20.206737958568464,20.252991655099347,20.310038259036737
0, 5.0221104475393075,5.668912150250987,6.0979032408568585,6.344446876032896,6.666170367051215,7.037167735771493,7.27657379095033,7.311252533888553,7.435339142658799,7.9544000196710645,8.126407779854624,8.169527958518225,8.715022462786386,9.034089374226282,9.451064209581196,9.971973081814086,10.030702991741103,10.42999630085065,11.05001996319427,11.408455468912953,11.46080887241679,11.79763260180824,12.068736269777357,12.338897398671188,12.535230430397371,12.717825329469173,12.874730104963911,13.387756288602597,13.662486539214193,14.031558606309751,14.369179477695521,14.474588713364838,14.688223995429775,14.773455535633154,15.408455468912956,15.46080887241679,15.657873859083889,15.681867169450449,15.768866934485168,15.863575557786945,16.048533467343987,16.31434465148456,16.585293763659283,16.60075752880234,16.602482309314645,16.65036206045668,16.793550491498973,16.83348839335698,16.866221274489654,17.011157362761445,17.081138450710178,17.29865574019548,17.31340785425315,17.433735964764843,17.4389373892946,17.477889571504598,17.52462675689696,17.569877325948447,17.907026387635035,18.021394721667352,18.272453791750255,18.383598599039622,18.50571912135137,18.569502858712198,18.57774212148498,18.64998993474951,18.859683735950856,18.891941280863797,19.052915432938413,19.05929583761486,19.17503595525016,19.18023737977992,19.380961384797924,19.387340604482894,19.49966936785941,19.581882409400503,19.584413785588623,19.657078479130877,19.738649827263327,19.792156362171166,19.810714586439303
0, 5.057671510077265,5.0644490122344825,5.072023000133611,5.080487076037309,5.089945842258969,5.100516193878446,5.112328763376517,5.1255295350414505,5.140281649099121,5.156767417862823,5.19414352244536,5.216959088405404,5.24245591842989,5.2709491121747245,5.302790799513933,5.338374492296415,5.378139947517091,5.422578602003396,8.428320334555385,8.696321027976781,9.186204694445514,9.325606365473979,9.573514516042142,10.224156654412006,10.368018404432663,10.856632403188632,11.30768420310372,11.57888110160278,11.706758228240004,11.912244346776955,12.602693699409867,12.90855983918483,13.306199812243637,13.546283167304155,13.61265790498243,13.918592904066259,14.552116823162397,14.676848636721756,14.928655403322244,15.33049976906377,15.546706421550004,15.734028392015405,16.055328862558866,16.066183156136,16.10091397111432,16.465330493248306,16.639710816801237,16.761648285024435,17.028523109595806,17.153372840939017,17.46628277052479,17.794711817341604,17.832610148543807,18.141865692088135,18.162889713283416,18.67492401485214,18.98927859403281,18.992370721562608,19.210171658552074,19.472085022212106,19.782963352610732,19.937000083920477,20.127892170714706,20.424833762841814
0, 8.796837221855228,9.298533457822032,9.45113590051543,9.652781719925684,10.255067756200452,10.577752728936199,10.70549725026845,11.592106560521623,11.954400019671064,12.126407779854622,12.295788768745494,12.565587726876492,13.250031821824305,13.747315555061048,13.837315431735465,14.45678526654494,14.8031758932453,14.84206891476547,14.921121938725303,15.322080978722997,15.53729826280845,15.589092303743612,15.893360020166288,16.413318956651768,16.814449021756438,16.88782560292296,16.99485448579881,17.637340594960943,17.656744806662207,17.759855873224378,17.79365796633381,17.97114388164973,18.437829012461158,18.611240640173722,18.91811120846785,18.97617981602588,19.210594676259042,19.52428795307073,19.647925392320108,19.77345492736156,19.894332973031013,20.302630375669906
0, 5.608516750031617,6.030410229447416,6.269022148776029,6.302813429758457,6.871459229464715,7.32425346419617,7.597397566828556,7.669779221138235,7.939317254428902,8.342414590983545,8.617692972323283,8.640069803992404,9.240861947744767,9.860921393988992,10.42999630085065,10.489059598726644,10.781571564811998,10.817925665773892,11.589092303743609,11.893360020166284,11.985570950959785,12.336432468779341,12.38032179637948,12.514935024902641,12.92800691571736,13.528288634244568,14.118120407612619,14.194025415166594,14.56571235077902,14.601779532422986,14.921121938725303,15.149066448491201,15.317870717990646,15.417250196001143,15.837108796181909,15.939837139519495,16.07403029736847,16.16828142628636,16.367600378783884,16.47631349387714,16.478969999204164,16.540431854927128,16.783485579230398,16.956215061715643,17.072940662460073,17.29865574019548,17.3438897746348,17.356327250272745,17.382511305660305,17.394225581474952,17.431718739833872,17.53839603219068,17.62834187444965,17.826539311597724,17.838767738669524,17.86462730380453,17.94937172153374,17.96064398300958,18.044518988322466,18.272453791750255,18.365437472252246,18.383598599039622,18.719402086851737,18.733753576908082,18.93170673608447,18.95457548759258,19.1287799171902,19.17503595525016,19.205634557675484,19.351671705311176,19.4276463677258,19.481366215522055
0, 5.504528985446666,5.914201919607893,6.196828656661366,6.279807335758521,6.756116209310185,7.195355439727205,7.453351566561331,7.508805069063616,7.702062760528769,8.367811768879106,8.646074802913803,9.168838947611155,9.306199812243637,9.652781719925684,10.255067756200452,10.404738198704402,10.585683291013908,10.947221893512523,11.11838608699462,11.637613748294287,12.180445748590962,12.321346682252996,12.595025003459185,12.784646905073027,12.966937147437937,13.315608838020484,13.679130749063935,14.111498768473483,14.128954097085018,14.399113756467674,14.56571235077902,14.827078752584663,14.986299884616525,15.127892170714711,15.147274036691142,15.179714473405147,15.553391557184748,15.622777714809374,15.961701533991953,16.320791502457283,16.65337631723469,16.988341796801404,17.028523109595806,17.127975663043454,17.380229429857003,17.433735964764843,17.440182815737572,17.656481540292795,18.203706914521682,18.383598599039622,18.693085141639514,18.778887959218476,18.859683735950856,18.874035226007205,18.972637405467253,19.091292944755928,19.200802917323813,19.45234781779728,19.50985940926689,19.566110633251267,19.589615210118378,19.615012388013945,19.63396865821545,19.74285656147512,19.855078955805695,20.192781224463804,20.251223930553202,20.252991655099347,20.270272803816063,20.36833467525388
0, 5.854572156944588,6.187862769897837,6.32745929640936,6.483461076716118,6.693327872820806,7.240531296560274,7.561507958096303,7.74501491916479,7.89241593732843,8.416396638441878,8.815712341257068,8.854508731932492,9.362982470056513,9.523158900649042,10.232127739791904,10.552116823162397,10.676848636721758,11.4353391426588,11.954400019671064,12.126407779854622,12.570086374514593,12.8721205318337,13.09326440396148,13.747315555061048,13.7796439216582,13.971973081814083,14.088374501818368,14.744576793145459,15.532841079759232,16.005688783542805,16.010709421261694,16.18564717312072,16.56002146224602,16.739961091730976,17.004287257542874,17.247366976323743,17.733580687054527,18.17234761246978,18.39259497802184,18.50075598148363,18.91430157173682,18.95953560617614,19.516796830031762,19.639553919477766,19.987255183177187,20.334640056979286,20.40975907296217,20.425381279191267
0, 5.057671510077265,5.0644490122344825,5.072023000133611,5.080487076037309,5.089945842258969,5.100516193878446,5.112328763376517,5.1255295350414505,5.140281649099121,5.156767417862823,5.19414352244536,5.27463059848267,5.364576440741639,5.465092634620086,5.577421397996604,5.702950933038055,5.785561072059911,5.877879477688252,9.478425142339972,9.709839798349586,9.735588000330278,9.764362107029516,10.361025764260871,10.753834333506886,10.959943311108123,11.015083444997266,11.019032085994098,11.184280072575897,11.67383672147282,11.87054445420624,12.03269758642755,12.169527958518223,12.715022462786385,13.034089374226282,13.250031821824305,13.804987065138313,14.017107464124479,14.606643020161801,14.97064479051096,15.029218600881016,15.246273029112263,15.685443522452633,15.943362834292868,16.237385983482415,16.675512079496492,16.932264257409262,17.11457645026359,17.517949281680654,17.931375405144873,18.450266488099103,18.73821952394991,18.81520566395126,19.0307029917411,19.1920105317647,19.56713263687191,19.69580514346214,19.840634862688,20.116792116309494,20.364194387338358
0, 6.159993376503978,6.529176806753851,6.7088842410252205,6.8113983687493125,7.547667906035317,8.079929554712516,8.32436093903101,8.796837221855228,9.240861947744767,9.271343868126415,9.804987065138315,10.01710746412448,10.362094297547229,11.047738087390968,11.230714850371138,11.547667906035317,12.079929554712516,12.266689428953743,12.394103978856606,12.617785338845758,12.91337271944354,13.430940147149624,13.804987065138313,13.901764443969947,14.589575792605093,14.778557308033985,15.21817100568725,15.305833866354021,15.736592602303464,15.885179886220243,15.936204703967467,16.162348726570787,16.533985003954406,16.601090521515914,16.930670286724137,17.05559601724775,17.252732694849087,17.410031546540413,17.85016445059387,18.328145965787357,18.428732981350016,18.539510402333796,18.63649405926181,18.757534153873998,18.908582469429355,19.12585025852983,19.360029412168938,19.581882409400503,19.63813363338488,19.707411944441954,19.769407242507395,19.864179362304778,19.92862837453926,20.025153514379394,20.080452461087287,20.195320145022084,20.47631349387714,20.478969999204164
0, 5.146023381651109,5.28070298221915,5.714290507845467,5.9734238419577474,6.205338774097612,6.289317554270759,6.84130796026756,7.4059018660761105,7.571122144119823,7.698087445299239,8.069011764639779,8.602693699409867,8.90855983918483,9.110883495576235,9.649486157172584,9.843332234266104,10.395349405299573,10.734520146799023,10.856632403188632,11.30768420310372,11.57888110160278,11.939317254428902,12.342414590983545,12.560021462246016,12.810169729575113,13.315608838020484,13.354874943338686,13.747315555061048,13.7796439216582,13.83343323703491,14.632139850186288,14.94146647417853,15.264409468645733,15.299834720342172,15.33049976906377,15.431363401395473,15.48250527291908,15.949437559558426,16.12303818463821,16.268173819813832,16.304041454553968,16.558255044923563,16.97641786414902,17.095361472468426,17.28879987649305,17.499977388799383,17.839945851780918,18.06379380549786,18.50571912135137,18.569502858712198,18.622876503795375,18.778226656849498,18.93170673608447,18.985429533681394,19.088474153947296,19.455623940702313,19.746382627981202,19.864977083786865,19.92617466037022,20.195750195678894
0, 9.045923045346392,9.168838947611155,9.190856792089106,9.218819493292132,10.002968781720172,10.70407998545974,11.079532457231748,11.148726596204975,11.240531296560274,11.561507958096303,11.687343409087523,11.827966925093946,12.514540268950952,13.158251808722909,13.179025462498073,13.496014302062864,14.25506775620045,14.520081218858932,14.525705217879436,14.786108665688591,14.93833898267482,15.612116918269802,16.15195255484613,16.28950499491379,16.635746624275814,16.830154092845692,16.851494475154478,17.186599450397203,18.011202117332004,18.597937874850786,18.662486539214193,19.197396246123187,19.397960696547187,19.401395632270976,19.858795989475365,20.02174450164969,20.272828258986497,20.309242879083722,20.46459921806249
1, 6.000000000000001,10.638984012492758,10.839243288742239,10.956117703437183,11.090566304949657,11.336702858605385,11.406316806721204,11.425184598719712,11.449056056656039,11.576948527931334,11.740794911233982
1, 9.176301830132848,9.33183880439186,9.364468475011961,9.396287816626343,9.457982638121967,9.48543069276526,9.565145524330454,9.933204898049421,10.119963058230159,10.285318881445718,10.410020407110006,10.482142157979395,10.554165158113006,10.589885599944424,10.81987615302519,10.832341518374317,10.966176316500714,11.137220625481863,11.265074614423462,11.365590808301906,11.433364732665755,11.842834929526695,12.095075020724781,12.117890586684824,12.133531553006884
1, 6.051968636838765,6.072528693205821,6.07509290349388,6.108238194882307,6.127260212739377,10.317576923320125,10.363499968666517,10.702057239483603,10.755233123206951,10.838747097332348,10.980803257143409,11.139205177023998,11.452732426582607,11.582859581635981,11.63097893045944,11.735029379486882,11.875311028586005,12.140117671991728
1, 6.000000000000001,11.246050114596404,11.590423752904668,11.620863914243948,11.636183112527064,11.689527926612364,11.717895877937902,11.750633926429305,11.772655124895158,11.84044515677267,12.122135780242214,12.180239935161977
1, 11.284623284646099,11.34907229688058,11.400181215228146,11.485892964556502,11.645766025404129,11.696143668565876,11.737043420846193,11.838274102641689,11.873626796368603,11.90546848370781,11.963572638627573,12.11874608580527
1, 8.076240291903286,8.093320990991092,8.146170849651135,8.207413711797413,8.236116691910105,8.254720279020399,8.393036947449918,8.447004076334133,8.648508779026582,8.712354666498332,8.821669173096835,9.122127252788486,9.312589288925903,9.324535009780227,9.328442494210567,9.452082954744128,9.677389142556072,9.796100652138117,9.931238264557663,10.225217158617308,10.306673871781674,10.558269361567334,10.610774994476568,10.84580483592138,10.971368113894941,11.216655843285892,11.230253092993458,11.570361992937702,11.692480173720368,11.785613165378798,11.903840740115248,11.918667566391335,12.037403510647515
1, 9.1121885242259,9.617129478926818,9.79873655336041,9.864322204183614,9.928168091655364,10.013551495327137,10.36906392579881,10.776610292760925
1, 8.994086642935251,9.679216727505949,9.799762039225532,9.841185569898531,9.951198143082312,9.95500777981334,10.05610452944833,10.420140145764822,10.581312502415493,10.596173071623692,10.820706147928227,10.821929005365003,10.882610312443484,10.936033079454704,11.005078587026595,11.18835423108333,11.234550115944964,11.24344412922508,11.368875197129087,11.581818621521498,11.815158217356913,11.954700325348082,12.105269358317615
1, 11.261517352050147,11.574852948894357,11.673948856679914,11.71359967693251,11.727363025065277,11.746321950613972,11.805908455425325,12.176417595882537
1, 8.386689443663002,8.523161456031096,8.559287261265421,8.70942477406697,8.729618185903698,8.832126632939513,8.88005512101936,8.898025280643147,8.942565136816663,9.172435374241074,9.266247672391819,9.580552906363083,9.699394284485614,9.748312826517061,9.81908344730497,10.229811504688445,10.71100701262637,10.784029122389786,11.209243625615475,11.307479859185904,11.437613808435518,11.556454319522754,11.777482082188671,11.824566376098467,11.927686041286496,11.970730566444995,11.987256866541335,12.095075020724781,12.17556209676209
1, 8.14272297760795,8.17156471559494,8.264992811076128,8.336511161614908,8.358100507209056,8.37950515657252,8.569449341478206,8.791609854413366,8.853856716056953,8.856266530711082,8.88005512101936,9.267026265076066,9.396287816626343,9.460772690040658,9.56546711983674,9.623138629914006,9.879186316874627,9.911799122946737,9.915332586124944,10.0495813462801,10.504368070707804,10.567467131465152,10.585885748991611,10.678675031062893,10.731958475852128,10.784029122389786,11.038430761674004,11.055911143476445,11.137220625481863,11.235165022905218,11.267802882168231,11.373323609019792,11.383145902322763,11.39223717172633,11.527517309136524,11.540527618874243,11.570361992937702,11.857511826129576,11.949995721911527,12.095075020724781
1, 8.346850514178819,8.382879806931975,8.396545307365429,8.41436615583278,8.491759887485728,8.506684561461121,8.555053168334812,8.601801293882112,8.729618185903698,8.77746937964026,8.819564028162668,8.937427208782513,9.000567298078424,9.092900078274322,9.154903528981514,9.16124900573437,9.201959324597153,9.247927732785692,9.263039847404121,9.331078179829781,9.33183880439186,9.446268362307322,9.54703962811655,9.634221393737434,9.678425784179208,10.0495813462801,10.119963058230159,10.452414477946526,10.567467131465152,10.719580110155302,10.75846497903373,10.784029122389786,10.832599009113403,11.064592420588031,11.196718117758639,11.331364147927225,11.43426969244381,11.562262757134722,11.628033503014969,11.734671141319605,11.89712968425431,11.927139228462067,12.037303858518591
1, 11.169886410538481,11.246535292439292,11.285229430693013,11.374106739665624,11.41298723094139,11.485010231075002,11.515524235382678,11.525735437523505,11.660423226734457,11.88350968885402,11.88505219608202,11.98595555974512,12.069454551031367
1, 7.509204721926439,7.599150564185408,8.031968866623792,8.068094671858116,8.121914708882763,8.179980974911716,8.416432502691798,8.524089725808775,8.927396719201155,9.055158105081397,9.111329039505684,9.402345217523669,9.484955356545527,9.502848132485989,9.606707338781975,9.818150692757785,9.824683429874849,9.832047872001908,9.92296810561822,10.186642711319244,10.445346609153404,10.452487638391931,10.528845600439645,10.553003832270377,10.665332595646895,10.715256322167127,10.723686655138708,10.99597843318412,11.102637834697985,11.239221210220393,11.267802882168231,11.39360779879171,11.494132258592291,11.576111311656724,11.666057153915695,11.761252973943032,11.999387445913825,12.018494749362707,12.151192403664009,12.157689784837615
1, 7.346442304010459,7.367431095800198,7.412581029639177,7.599150564185408,7.6602648299244915,7.942565136816665,8.037943402660959,8.087490284933523,8.122420827988766,8.24599958439552,8.262702477087888,8.334029860463078,8.461295596415429,8.712354666498332,8.869122084361155,9.019259597162705,9.179798762865751,9.324535009780227,9.557110454533008,9.651561661347092,9.926474966047236,10.242717850070992,10.314804954971802,10.36856898061873,10.469580119677255,10.651080757719473,10.867917624989765,11.075758049271613,11.147781049405225,11.223772499088614,11.238123989144963,11.269901571716971,11.317172037164339,11.692480173720368,11.824605870890982,12.0144023814215,12.077682671141229
1, 7.028727499109687,7.127539387658364,7.1373161637544404,7.20268399393162,7.326537190633712,7.332278923185697,7.469467227900455,7.556811999490231,7.808885992263117,7.988777676781056,8.054893454209068,8.086643140962801,8.087134043458661,8.252154755712933,8.468716746637568,8.496692089150672,8.821669173096835,8.965359834925662,8.999907078347812,9.119737902150344,9.142481777176156,9.218777101840827,9.258644550719506,9.417926961688913,9.66834451089583,9.743813620679154,9.870496581578099,10.192684432660053,10.426313651141403,10.832555795537527,10.961221016521314,11.266617182889796,11.327903732978733,11.373204213714326,11.515114256185791,11.716882124198504,11.852075256585561,11.889545768659065,11.913853311646228,11.923412267096282,12.13190727959799
1, 7.64323419405142,7.773373990414866,8.266959818779789,8.351459712064637,8.619502747044002,8.784377666631944,8.890616832969418,8.929313754903735,8.937590630760194,8.94175560592962,9.038628261502238,9.179798762865751,9.257713434176372,9.359590795254764,9.391010018104193,9.86840870001828,9.955503971223234,10.08791119765029,10.177857039909261,10.24654864753537,10.80940889863789,10.967110772203041,11.022253855892853,11.073659359722871,11.171786202963178,11.232494065731402,11.39360779879171,11.544150674996168,11.556008161352274,11.660307835196672,11.85078485417324,11.964921262922218
1, 6.987167477026969,7.048004588897538,7.170125111209287,7.318953701072262,7.366561683383871,7.487503225548928,7.5670438772193025,7.5746707368483905,7.6970936485893535,7.707722623799193,7.751214482185851,7.943806908711146,7.954435883920987,7.992726317777887,8.224438199996062,8.23687265434983,8.253616516328496,8.483030734675907,8.595581969654265,8.775473654172204,8.965359834925662,9.050470687739972,9.322388444533251,9.389853668202026,9.394411444666863,9.48531345252179,9.537041047160674,9.729856886574503,9.765876750720036,9.833642409161744,9.945635040176933,10.102738590401085,10.23921060276918,10.40265835484501,10.434734482450663,10.684938443201291,10.969641847830578,10.987729242715226,10.991410729023169,11.109849765026972,11.123418198565368,11.190336841064282,11.219448711100437,11.262359841197895,11.401968219263427,11.467979354795888,11.679171222472785,11.696251921560593,11.775091600768922,11.782616466740008,12.057247065222679
1, 8.42535922459864,8.53316575887205,8.615172773131176,8.74761208348426,9.023031345002927,9.090584195792598,9.165322030390108,9.21611373083405,9.539232897970574,9.57034331012397,9.677389142556072,9.726016020973095,9.897832461145969,9.975832338845827,9.99092397828172,10.08791119765029,10.177857039909261,10.190385901753993,10.224859112712833,10.23921060276918,10.23974411659517,10.246943403487062,10.269546233278579,10.27331058444668,10.648318301058477,10.650846727445934,10.743424539308643,10.804808937096892,10.953637526959865,11.16610098901135,11.202168170655314,11.238123989144963,11.476798769137984,11.73133380348324
1, 11.088091881073773,11.366140090912,11.558955930325826,11.639972778417661,11.794613779308037,11.889058601908825,11.946730111986092,11.953507614143309
1, 10.897428950076659,11.002250242269128,11.038207348785473,11.246050114596404,11.279103039462353,11.297308344100399,11.446946765763176,11.458895071851366,11.545356683925844,11.726694982628754,12.170932645403914
1, 6.000000000000001,10.375613901211146,10.55903525170317,10.626488593019552,10.632279670780944,10.644028135511817,11.196718117758639,11.292836532982482,11.482822365864866,11.772899256671007,11.798969965117182,12.01861031758703
1, 10.929495966949702,11.325110449155396,11.418623497524685,11.442383146322586,11.500527032573741,11.6256849471444,11.725645465924552,11.755438080945638,12.054005281699784
1, 11.291021074929114,11.318035358990699,11.496960065785673,11.873626796368603,12.07590140200409
1, 8.069087480467239,8.107957974778103,8.118891853478893,8.11930872351144,8.431946788101946,8.568418800470042,9.08142673359389,9.310183519723882,9.354892306259348,9.474127828005066,9.481586075147217,9.560878254942441,9.61024450193476,9.752115975760317,9.911383326611343,9.921993714260879,10.07449560178889,10.24654864753537,10.304614913564327,10.512259642447553,10.737385898504277,10.924136145609978,11.01394859280791,11.111649762994064,11.112199698151823,11.192686774189132,11.203145762654295,11.302930681346925,11.469845799059257,11.626546770625804,11.68269075631422,11.703224209932083,11.846877369742902,11.92450302667919,11.944295206242996,11.956220263569893,11.964987709218494
1, 8.500942828909135,8.532323141467721,8.964846856247,9.00027485365975,9.137410660233744,9.305918720121525,9.369308713989486,9.457967421511823,9.64889083242986,9.864192525138044,9.95913987908595,10.137935559383024,10.452414477946526,10.604958297049563,10.683770419250427,10.827105742640853,11.331364147927225,11.386021401226476,11.449794918008887,11.794248513173528,11.845807177450457,11.873386041920925
1, 8.118351329853583,8.138258989195943,8.245493465289517,8.310856806798363,8.315021781967788,8.348399009806101,8.498570265539765,8.621668441088826,9.064691932276045,9.118993847136897,9.151004233194083,9.479092629646782,9.53919169712801,9.832523730420283,10.07348654714854,10.137935559383024,10.338232783634624,10.347362368182967,10.41364363576459,10.777922995721193,10.893280316191886,10.946395062263138,11.02878066372195,11.298825940793133,11.361341732532143,11.365590808301906,11.4584621744291,11.540527618874243,11.556454319522754,11.70659572064378,11.814667142328396,11.883016242321098,11.889810845565188,12.026027708723273,12.111716209290343
1, 11.143986297108578,11.248915252480785,11.29430546375629,11.342004428087456,11.7487750983083,11.840923965303098,12.014828465364157,12.02953307050513,12.050412158146639,12.111090338834883,12.17493320502245
1, 6.000000000000001,11.286944019762885,11.303721624673669,11.409055943448779,11.6285878407681,11.673333999791456,12.15222294467217
1, 7.875311028586006,7.901038857666059,7.917825061202695,7.928036263343521,7.990303162969302,7.993678432766892,8.023041272699041,8.094370094566848,8.270185777420942,8.41590872429912,8.418281287668488,8.431946788101946,8.653163218199252,8.832441099331115,8.936847219500677,8.973682499658064,9.009403733460278,9.063265606806517,9.087390095705132,9.18790628958358,9.2113690301291,9.225994281790383,9.392793658745738,9.482739501004707,9.596904408047841,9.724773268762924,10.08791119765029,10.396619714040643,10.559525961936226,10.612359574565046,11.017291159241331,11.164966691951712,11.17279673209731,11.284338714146667,11.28619500801117,11.3120678520623,11.317172037164339,11.42999513744934,11.469448701578484,11.68269075631422,11.915233866407723,12.007552272036063,12.095075020724781,12.121688680785041
1, 10.743807662255199,10.776280964620849,10.851249802412003,10.867561886583468,10.89046265893275,10.894998321316724,10.920625961168387,10.955272856719462,11.057209336690796,11.088091881073773,11.34040366320609,11.476875675574185,11.578261961624058,11.77240548406942,11.917825061202695,12.169970744909811
1, 11.717997871595905,11.799899984193239,12.195233726898554
1, 10.949376645652311,11.111229042540101,11.175678054774583,11.534547185651451,11.623753486802467,11.747392142906413,11.795704538890945,11.859718564753855,12.045706057991477,12.085141729062954,12.10476497826481
1, 7.997431550897753,8.086904398466064,8.118746085805274,8.298868769378778,8.440808493930223,8.603219796645721,9.31111429753745,9.449245854869039,9.546884208314692,9.752036654382973,9.956807839018765,10.312132828847403,10.330144644478345,10.362468635687556,10.380722128997409,10.60918189580935,10.612441597382618,10.993303965530645,11.048072581984208,11.090163283075828,11.121101135311495,11.175187821788652,11.178586845583906,11.259341147793613,11.423228575447059,11.4744532345516,11.474866516825259,11.672127990861778,11.757253122990218,11.81250982918929,11.97143456019122
1, 8.17641759588254,8.20048474921749,8.228204831454914,8.232927780117173,8.272507749351103,8.392652805774244,8.412848022040583,8.446195201861915,8.575887593825076,8.799626302635414,8.913182078348623,9.092974110737638,9.251261466822275,9.323716319827588,9.516100306369713,9.558944990170893,9.685969856227363,9.728497322124923,9.774246682879074,9.789737224225354,10.072605960806293,10.137935559383024,10.384524369056312,10.628049687807858,10.638369267819987,10.732814090420774,10.766231522683725,10.895902784133309,11.024800808602276,11.05521361122274,11.153873433957461,11.352262678184687,11.542719469684148,12.073750752036757,12.193298164874005
1, 11.314491847625785,11.406743806957845,11.414735567925987,11.43289669471336,11.684326086073817,11.781618125740723,11.797023389525632,11.958395901351722,12.111090338834883,12.152539423797082
1, 11.3425425810477,11.532532302249557,11.612303085940205,11.958395901351722,12.030394214231427,12.110384540659043,12.116838677238219
1, 10.602255082495699,10.826856151886908,10.891305164121388,11.119963058230159,11.235306078384689,11.259341147793613,11.427739976610926,11.45128757479111,11.57212885624427,11.573399831180724,11.675812385173508,12.090917868261268,12.115616297048561,12.187344304425078,12.195215200576586
1, 11.610920130538318,11.689720632829149,11.714336876511386,11.73126502831878,11.860153551125428,11.867251524114419,11.917825061202695,11.975827222464451,12.032078446448828,12.11874608580527
1, 11.928038604872599,11.985248099795307
1, 8.856336328227366,8.889572144894384,9.01369827222707,9.019091951947106,9.086517332068796,9.118233222574815,9.481621056034236,9.654160250046296,9.81122742292695,9.814726130714217,9.911799122946737,9.944679601175356,10.096188663131983,10.230253965011364,10.506227229364722,10.516600152328088,10.692845885838995,10.795751430355581,10.932664590027189,11.05521361122274,11.16366519289269,11.197089231006988,11.264181386771135,11.303946841991813,11.446946765763176,11.492247246498774,11.600460329166566,11.833735647702127,12.016079241959492,12.126289088310152
1, 10.520311461344793,10.565254575931018,10.732208508680761,11.02273612573196,11.372835833997959,11.391186307971823,11.462918941469528,11.678778155502505,11.695518996196991,11.715672564486631,12.047850222598063
1, 11.743153327536483,11.759122037039244,11.91914391183738,12.028048679645043,12.142722977607944,12.176417595882537
1, 10.909452908605248,11.020886102800363,11.07817611767415,11.1005590387917,11.534547185651451,11.578261961624058,11.646875949027969,11.65463256498185,11.746965172645096,12.030548580530901,12.083570664429484
1, 7.988777676781056,8.03882164747413,8.045743388682482,8.176782977465251,8.30935388961631,8.324670746370344,8.522954556731223,8.559267001685967,8.669034646477412,8.812061095718743,8.933816777929774,8.962639833103031,8.983621150941426,8.996597717747035,9.095744591783792,9.8600566738488,10.188677296100792,10.202476191595284,10.333108107309158,10.45548370155169,10.66638021893315,10.738403219066761,10.78103422818061,10.862913092016651,10.916891941860047,10.934936092150263,10.972852504755025,11.021497893453127,11.115058775723769,11.133826656829644,11.223772499088614,11.511705243456088,11.530511331327787,11.541247781372467,11.751738068315726,11.98773682888226,11.98899256221586
1, 8.627120851555471,8.628996050936458,8.766390485968396,8.910395630229717,8.942530886662105,9.018696167485745,9.072999188135494,9.228907103110195,9.305918720121525,9.381387829904853,9.535782684398304,9.596863207205274,9.812761838751541,9.854733758916385,9.952977041554387,9.991491831489853,10.072100003987764,10.395548955273494,10.452414477946526,10.496065149151939,10.508699444863018,10.608326786477077,10.915232396896553,10.983773508374751,11.048072581984208,11.262595002253047,12.001727751903143,12.039467991838585
1, 11.721116720197681,11.933777316140409,12.14369532220108
1, 11.953705662237553,12.011179124220575,12.120691678913325,12.146222251869926
1, 8.852724120152452,9.095210949577703,9.326730576605602,9.381387829904853,9.388920789265418,9.5717299042621,9.745964270646493,9.951980881725252,10.016811389163214,10.077708857881632,10.210198949168852,10.267870459246117,10.438303377542397,10.453089234532179,10.534096622758579,10.64783716976697,10.71100701262637,10.765237426047904,11.029091026190997,11.130284076734902,11.210697420869487,11.29035303249259,11.548840914110336,11.674701100336279,11.781838066318567,11.898539998375007,11.942554196661732,11.955856170013874,12.032723451809233
1, 10.552316373136314,10.60918189580935,10.825286554637582,10.913748006036467,11.055514045995675,11.364221377394552,11.37328935886523,11.588156684639976,11.971336712491908
1, 11.008017220274827,11.028643276954046,11.143986297108578,11.569094429073601,11.744189776896816,11.788092662101011,12.133663173613634
1, 6.000000000000001,6.115343020154532,6.128898024468966,6.144046000267226,6.16097415207462,6.17989168451794,6.201032387756893,6.224657526753036,6.251059070082904,6.280563298198245,6.3135348357256476,6.340865836592559,6.380924072274832,6.425689914509928,6.475716596835939,6.531622368281147,6.594098133923891,6.72915288148328,6.930185269240171,7.154842795993208,7.4059018660761105,7.686465164274354,8.000000000000002,10.773135289744065,10.952646582632699,10.963298060059131,11.19670126925154,11.288471780690614,11.373159507287006,11.554116371103403,11.717013744805254,11.923812238549939,12.118836347337549,12.194936818646175
1, 8.224438199996062,8.805276196889405,8.821669173096835,8.90107582143458,9.023031345002927,9.073484205619462,9.151995815768169,9.316270775233845,9.328378389443367,9.33497221004345,9.452082954744128,9.503206744865176,9.709665816266854,9.743813620679154,9.749132021706073,9.76106001400494,10.211801562755905,10.274499191728896,10.289308124947315,10.318630271259345,10.543497525268926,10.559525961936226,10.602534331461404,10.606105683530416,10.609870034698517,10.670061705241094,10.692480173720375,10.862913092016651,10.906910835738321,11.089971443894335,11.14467128645698,11.157572808340454,11.301438704319803,11.363258768234726,11.43341509033398,11.58333855974331,11.802156506245044,11.818890295104072,11.869542997077922,12.19764638753632
1, 8.812659845093538,8.927396719201155,9.087390095705132,9.335862115810219,9.496497793994434,9.536542750760583,9.596579001501306,9.796921511315832,9.843778332609448,9.853945846807619,10.091975983591327,10.177857039909261,10.188677296100792,10.256062240143272,10.36856898061873,10.75015168379764,10.921737662014408
1, 10.936298156360824,10.986735956858983,11.100684847685702,11.463402430331012,11.563435135347973,11.650049585099442,11.788092662101011,11.86392529896565,12.04784943062727,12.10476497826481
1, 12.021729166188807,12.03882164747413,12.113261135326649,12.1226692940682,12.122717736241142
1, 11.709166917390887,12.090528123176547,12.10476497826481,12.122245360067254
1, 11.248915252480785,11.58540067026931,11.588584293148212,11.721116720197681,11.827879218943725,12.020692716828474
1, 10.834397152579093,10.984023541203387,11.024329304446292,11.028643276954046,11.211294623453885,11.267118215589754,11.54208065024839,11.593063498170359,11.714336876511386,11.819059804601627,11.885166892288433,11.921234073932396,11.98568308616688
1, 7.116206719262887,7.170125111209287,7.346442304010459,7.384208700710977,7.441074223384011,7.4440505912712185,7.675508526233123,7.698687619274479,7.722482324023898,7.83384382728478,7.953596863216765,8.014588136950277,8.110192400916965,8.219408047357339,8.30935388961631,8.38279958854401,8.503969788235558,8.504462778759358,8.558562936767611,8.634888564156052,8.645075079042972,8.784377666631944,8.904919201097721,9.087480357237409,9.090584195792598,9.117009634405576,9.469962852835637,9.503206744865176,9.567850431098243,9.673299384841435,9.895345262808519,9.953131407853862,10.032043273299008,10.050518709986216,10.08791119765029,10.131205627380838,10.177857039909261,10.306673871781674,10.49409851566018,10.575770053021015,10.723584661480707,10.760007547500063,10.770438823370224,10.806394641859876,10.826829123103918,10.887596649030455,11.68269075631422,11.684972632117518,11.75699563225113,11.8078231938749,12.105169169089224,12.117890586684824,12.17556209676209
